,PLAYER_NAME,GAME_CAREER,TOTAL_3MADE
0,Reggie Miller,1,1
1,Reggie Miller,2,1
2,Reggie Miller,3,1
3,Reggie Miller,4,3
4,Reggie Miller,5,4
5,Reggie Miller,6,6
6,Reggie Miller,7,9
7,Reggie Miller,8,10
8,Reggie Miller,9,11
9,Reggie Miller,10,14
10,Reggie Miller,11,15
11,Reggie Miller,12,15
12,Reggie Miller,13,16
13,Reggie Miller,14,17
14,Reggie Miller,15,18
15,Reggie Miller,16,19
16,Reggie Miller,17,19
17,Reggie Miller,18,19
18,Reggie Miller,19,20
19,Reggie Miller,20,20
20,Reggie Miller,21,20
21,Reggie Miller,22,21
22,Reggie Miller,23,21
23,Reggie Miller,24,22
24,Reggie Miller,25,22
25,Reggie Miller,26,22
26,Reggie Miller,27,24
27,Reggie Miller,28,24
28,Reggie Miller,29,24
29,Reggie Miller,30,25
30,Reggie Miller,31,25
31,Reggie Miller,32,25
32,Reggie Miller,33,25
33,Reggie Miller,34,27
34,Reggie Miller,35,30
35,Reggie Miller,36,31
36,Reggie Miller,37,32
37,Reggie Miller,38,32
38,Reggie Miller,39,32
39,Reggie Miller,40,33
40,Reggie Miller,41,34
41,Reggie Miller,42,34
42,Reggie Miller,43,35
43,Reggie Miller,44,36
44,Reggie Miller,45,36
45,Reggie Miller,46,36
46,Reggie Miller,47,36
47,Reggie Miller,48,37
48,Reggie Miller,49,37
49,Reggie Miller,50,38
50,Reggie Miller,51,39
51,Reggie Miller,52,39
52,Reggie Miller,53,40
53,Reggie Miller,54,41
54,Reggie Miller,55,42
55,Reggie Miller,56,43
56,Reggie Miller,57,43
57,Reggie Miller,58,43
58,Reggie Miller,59,45
59,Reggie Miller,60,46
60,Reggie Miller,61,47
61,Reggie Miller,62,49
62,Reggie Miller,63,50
63,Reggie Miller,64,50
64,Reggie Miller,65,52
65,Reggie Miller,66,52
66,Reggie Miller,67,52
67,Reggie Miller,68,53
68,Reggie Miller,69,53
69,Reggie Miller,70,53
70,Reggie Miller,71,53
71,Reggie Miller,72,54
72,Reggie Miller,73,55
73,Reggie Miller,74,57
74,Reggie Miller,75,57
75,Reggie Miller,76,57
76,Reggie Miller,77,57
77,Reggie Miller,78,61
78,Reggie Miller,79,61
79,Reggie Miller,80,61
80,Reggie Miller,81,61
81,Reggie Miller,82,61
82,Reggie Miller,83,61
83,Reggie Miller,84,63
84,Reggie Miller,85,64
85,Reggie Miller,86,67
86,Reggie Miller,87,69
87,Reggie Miller,88,70
88,Reggie Miller,89,70
89,Reggie Miller,90,72
90,Reggie Miller,91,72
91,Reggie Miller,92,74
92,Reggie Miller,93,75
93,Reggie Miller,94,76
94,Reggie Miller,95,77
95,Reggie Miller,96,79
96,Reggie Miller,97,80
97,Reggie Miller,98,81
98,Reggie Miller,99,81
99,Reggie Miller,100,81
100,Reggie Miller,101,81
101,Reggie Miller,102,82
102,Reggie Miller,103,85
103,Reggie Miller,104,89
104,Reggie Miller,105,89
105,Reggie Miller,106,90
106,Reggie Miller,107,90
107,Reggie Miller,108,90
108,Reggie Miller,109,92
109,Reggie Miller,110,92
110,Reggie Miller,111,93
111,Reggie Miller,112,93
112,Reggie Miller,113,94
113,Reggie Miller,114,96
114,Reggie Miller,115,98
115,Reggie Miller,116,101
116,Reggie Miller,117,101
117,Reggie Miller,118,104
118,Reggie Miller,119,104
119,Reggie Miller,120,107
120,Reggie Miller,121,108
121,Reggie Miller,122,108
122,Reggie Miller,123,109
123,Reggie Miller,124,110
124,Reggie Miller,125,114
125,Reggie Miller,126,114
126,Reggie Miller,127,115
127,Reggie Miller,128,117
128,Reggie Miller,129,118
129,Reggie Miller,130,118
130,Reggie Miller,131,120
131,Reggie Miller,132,120
132,Reggie Miller,133,121
133,Reggie Miller,134,126
134,Reggie Miller,135,129
135,Reggie Miller,136,130
136,Reggie Miller,137,136
137,Reggie Miller,138,138
138,Reggie Miller,139,141
139,Reggie Miller,140,142
140,Reggie Miller,141,143
141,Reggie Miller,142,143
142,Reggie Miller,143,143
143,Reggie Miller,144,144
144,Reggie Miller,145,144
145,Reggie Miller,146,144
146,Reggie Miller,147,145
147,Reggie Miller,148,145
148,Reggie Miller,149,147
149,Reggie Miller,150,149
150,Reggie Miller,151,151
151,Reggie Miller,152,152
152,Reggie Miller,153,155
153,Reggie Miller,154,158
154,Reggie Miller,155,158
155,Reggie Miller,156,159
156,Reggie Miller,157,159
157,Reggie Miller,158,160
158,Reggie Miller,159,160
159,Reggie Miller,160,161
160,Reggie Miller,161,161
161,Reggie Miller,162,162
162,Reggie Miller,163,163
163,Reggie Miller,164,164
164,Reggie Miller,165,166
165,Reggie Miller,166,167
166,Reggie Miller,167,168
167,Reggie Miller,168,169
168,Reggie Miller,169,172
169,Reggie Miller,170,173
170,Reggie Miller,171,175
171,Reggie Miller,172,176
172,Reggie Miller,173,177
173,Reggie Miller,174,177
174,Reggie Miller,175,180
175,Reggie Miller,176,183
176,Reggie Miller,177,184
177,Reggie Miller,178,187
178,Reggie Miller,179,189
179,Reggie Miller,180,194
180,Reggie Miller,181,196
181,Reggie Miller,182,198
182,Reggie Miller,183,199
183,Reggie Miller,184,200
184,Reggie Miller,185,203
185,Reggie Miller,186,204
186,Reggie Miller,187,205
187,Reggie Miller,188,206
188,Reggie Miller,189,210
189,Reggie Miller,190,214
190,Reggie Miller,191,215
191,Reggie Miller,192,215
192,Reggie Miller,193,215
193,Reggie Miller,194,218
194,Reggie Miller,195,222
195,Reggie Miller,196,225
196,Reggie Miller,197,230
197,Reggie Miller,198,234
198,Reggie Miller,199,241
199,Reggie Miller,200,243
200,Reggie Miller,201,244
201,Reggie Miller,202,247
202,Reggie Miller,203,251
203,Reggie Miller,204,252
204,Reggie Miller,205,255
205,Reggie Miller,206,258
206,Reggie Miller,207,260
207,Reggie Miller,208,260
208,Reggie Miller,209,260
209,Reggie Miller,210,261
210,Reggie Miller,211,261
211,Reggie Miller,212,266
212,Reggie Miller,213,269
213,Reggie Miller,214,270
214,Reggie Miller,215,273
215,Reggie Miller,216,275
216,Reggie Miller,217,276
217,Reggie Miller,218,277
218,Reggie Miller,219,278
219,Reggie Miller,220,279
220,Reggie Miller,221,281
221,Reggie Miller,222,283
222,Reggie Miller,223,284
223,Reggie Miller,224,286
224,Reggie Miller,225,286
225,Reggie Miller,226,287
226,Reggie Miller,227,288
227,Reggie Miller,228,289
228,Reggie Miller,229,291
229,Reggie Miller,230,294
230,Reggie Miller,231,295
231,Reggie Miller,232,296
232,Reggie Miller,233,298
233,Reggie Miller,234,300
234,Reggie Miller,235,302
235,Reggie Miller,236,304
236,Reggie Miller,237,306
237,Reggie Miller,238,309
238,Reggie Miller,239,310
239,Reggie Miller,240,312
240,Reggie Miller,241,313
241,Reggie Miller,242,316
242,Reggie Miller,243,317
243,Reggie Miller,244,319
244,Reggie Miller,245,319
245,Reggie Miller,246,319
246,Reggie Miller,247,322
247,Reggie Miller,248,322
248,Reggie Miller,249,323
249,Reggie Miller,250,323
250,Reggie Miller,251,323
251,Reggie Miller,252,323
252,Reggie Miller,253,323
253,Reggie Miller,254,323
254,Reggie Miller,255,325
255,Reggie Miller,256,325
256,Reggie Miller,257,325
257,Reggie Miller,258,325
258,Reggie Miller,259,327
259,Reggie Miller,260,330
260,Reggie Miller,261,334
261,Reggie Miller,262,337
262,Reggie Miller,263,340
263,Reggie Miller,264,343
264,Reggie Miller,265,345
265,Reggie Miller,266,345
266,Reggie Miller,267,345
267,Reggie Miller,268,347
268,Reggie Miller,269,348
269,Reggie Miller,270,348
270,Reggie Miller,271,348
271,Reggie Miller,272,348
272,Reggie Miller,273,348
273,Reggie Miller,274,350
274,Reggie Miller,275,356
275,Reggie Miller,276,359
276,Reggie Miller,277,360
277,Reggie Miller,278,361
278,Reggie Miller,279,361
279,Reggie Miller,280,361
280,Reggie Miller,281,361
281,Reggie Miller,282,362
282,Reggie Miller,283,363
283,Reggie Miller,284,363
284,Reggie Miller,285,363
285,Reggie Miller,286,363
286,Reggie Miller,287,363
287,Reggie Miller,288,364
288,Reggie Miller,289,366
289,Reggie Miller,290,367
290,Reggie Miller,291,370
291,Reggie Miller,292,371
292,Reggie Miller,293,372
293,Reggie Miller,294,375
294,Reggie Miller,295,376
295,Reggie Miller,296,377
296,Reggie Miller,297,378
297,Reggie Miller,298,380
298,Reggie Miller,299,381
299,Reggie Miller,300,383
300,Reggie Miller,301,383
301,Reggie Miller,302,387
302,Reggie Miller,303,387
303,Reggie Miller,304,387
304,Reggie Miller,305,389
305,Reggie Miller,306,392
306,Reggie Miller,307,397
307,Reggie Miller,308,399
308,Reggie Miller,309,401
309,Reggie Miller,310,403
310,Reggie Miller,311,404
311,Reggie Miller,312,407
312,Reggie Miller,313,408
313,Reggie Miller,314,410
314,Reggie Miller,315,410
315,Reggie Miller,316,414
316,Reggie Miller,317,415
317,Reggie Miller,318,417
318,Reggie Miller,319,419
319,Reggie Miller,320,421
320,Reggie Miller,321,421
321,Reggie Miller,322,422
322,Reggie Miller,323,426
323,Reggie Miller,324,426
324,Reggie Miller,325,427
325,Reggie Miller,326,430
326,Reggie Miller,327,430
327,Reggie Miller,328,431
328,Reggie Miller,329,432
329,Reggie Miller,330,435
330,Reggie Miller,331,435
331,Reggie Miller,332,439
332,Reggie Miller,333,442
333,Reggie Miller,334,442
334,Reggie Miller,335,442
335,Reggie Miller,336,447
336,Reggie Miller,337,447
337,Reggie Miller,338,447
338,Reggie Miller,339,447
339,Reggie Miller,340,450
340,Reggie Miller,341,452
341,Reggie Miller,342,454
342,Reggie Miller,343,457
343,Reggie Miller,344,462
344,Reggie Miller,345,463
345,Reggie Miller,346,463
346,Reggie Miller,347,465
347,Reggie Miller,348,467
348,Reggie Miller,349,467
349,Reggie Miller,350,467
350,Reggie Miller,351,467
351,Reggie Miller,352,468
352,Reggie Miller,353,468
353,Reggie Miller,354,469
354,Reggie Miller,355,473
355,Reggie Miller,356,473
356,Reggie Miller,357,475
357,Reggie Miller,358,476
358,Reggie Miller,359,480
359,Reggie Miller,360,480
360,Reggie Miller,361,480
361,Reggie Miller,362,480
362,Reggie Miller,363,480
363,Reggie Miller,364,480
364,Reggie Miller,365,483
365,Reggie Miller,366,484
366,Reggie Miller,367,486
367,Reggie Miller,368,489
368,Reggie Miller,369,491
369,Reggie Miller,370,492
370,Reggie Miller,371,494
371,Reggie Miller,372,497
372,Reggie Miller,373,498
373,Reggie Miller,374,500
374,Reggie Miller,375,500
375,Reggie Miller,376,501
376,Reggie Miller,377,502
377,Reggie Miller,378,502
378,Reggie Miller,379,504
379,Reggie Miller,380,505
380,Reggie Miller,381,505
381,Reggie Miller,382,507
382,Reggie Miller,383,510
383,Reggie Miller,384,512
384,Reggie Miller,385,513
385,Reggie Miller,386,515
386,Reggie Miller,387,516
387,Reggie Miller,388,517
388,Reggie Miller,389,518
389,Reggie Miller,390,520
390,Reggie Miller,391,522
391,Reggie Miller,392,527
392,Reggie Miller,393,530
393,Reggie Miller,394,534
394,Reggie Miller,395,538
395,Reggie Miller,396,539
396,Reggie Miller,397,542
397,Reggie Miller,398,544
398,Reggie Miller,399,546
399,Reggie Miller,400,548
400,Reggie Miller,401,550
401,Reggie Miller,402,550
402,Reggie Miller,403,550
403,Reggie Miller,404,551
404,Reggie Miller,405,552
405,Reggie Miller,406,552
406,Reggie Miller,407,553
407,Reggie Miller,408,553
408,Reggie Miller,409,555
409,Reggie Miller,410,557
410,Reggie Miller,411,558
411,Reggie Miller,412,558
412,Reggie Miller,413,559
413,Reggie Miller,414,563
414,Reggie Miller,415,564
415,Reggie Miller,416,566
416,Reggie Miller,417,566
417,Reggie Miller,418,568
418,Reggie Miller,419,569
419,Reggie Miller,420,570
420,Reggie Miller,421,572
421,Reggie Miller,422,573
422,Reggie Miller,423,574
423,Reggie Miller,424,575
424,Reggie Miller,425,577
425,Reggie Miller,426,579
426,Reggie Miller,427,581
427,Reggie Miller,428,584
428,Reggie Miller,429,584
429,Reggie Miller,430,585
430,Reggie Miller,431,588
431,Reggie Miller,432,589
432,Reggie Miller,433,591
433,Reggie Miller,434,592
434,Reggie Miller,435,593
435,Reggie Miller,436,596
436,Reggie Miller,437,596
437,Reggie Miller,438,601
438,Reggie Miller,439,603
439,Reggie Miller,440,606
440,Reggie Miller,441,606
441,Reggie Miller,442,607
442,Reggie Miller,443,609
443,Reggie Miller,444,611
444,Reggie Miller,445,613
445,Reggie Miller,446,615
446,Reggie Miller,447,617
447,Reggie Miller,448,617
448,Reggie Miller,449,617
449,Reggie Miller,450,619
450,Reggie Miller,451,623
451,Reggie Miller,452,625
452,Reggie Miller,453,629
453,Reggie Miller,454,632
454,Reggie Miller,455,634
455,Reggie Miller,456,634
456,Reggie Miller,457,639
457,Reggie Miller,458,642
458,Reggie Miller,459,647
459,Reggie Miller,460,650
460,Reggie Miller,461,654
461,Reggie Miller,462,658
462,Reggie Miller,463,659
463,Reggie Miller,464,662
464,Reggie Miller,465,665
465,Reggie Miller,466,667
466,Reggie Miller,467,672
467,Reggie Miller,468,676
468,Reggie Miller,469,679
469,Reggie Miller,470,682
470,Reggie Miller,471,684
471,Reggie Miller,472,688
472,Reggie Miller,473,691
473,Reggie Miller,474,692
474,Reggie Miller,475,693
475,Reggie Miller,476,695
476,Reggie Miller,477,697
477,Reggie Miller,478,700
478,Reggie Miller,479,703
479,Reggie Miller,480,711
480,Reggie Miller,481,712
481,Reggie Miller,482,715
482,Reggie Miller,483,717
483,Reggie Miller,484,717
484,Reggie Miller,485,718
485,Reggie Miller,486,722
486,Reggie Miller,487,723
487,Reggie Miller,488,725
488,Reggie Miller,489,725
489,Reggie Miller,490,726
490,Reggie Miller,491,727
491,Reggie Miller,492,728
492,Reggie Miller,493,730
493,Reggie Miller,494,731
494,Reggie Miller,495,736
495,Reggie Miller,496,736
496,Reggie Miller,497,738
497,Reggie Miller,498,738
498,Reggie Miller,499,739
499,Reggie Miller,500,741
500,Reggie Miller,501,745
501,Reggie Miller,502,748
502,Reggie Miller,503,752
503,Reggie Miller,504,754
504,Reggie Miller,505,754
505,Reggie Miller,506,755
506,Reggie Miller,507,757
507,Reggie Miller,508,757
508,Reggie Miller,509,758
509,Reggie Miller,510,758
510,Reggie Miller,511,760
511,Reggie Miller,512,760
512,Reggie Miller,513,762
513,Reggie Miller,514,763
514,Reggie Miller,515,765
515,Reggie Miller,516,767
516,Reggie Miller,517,768
517,Reggie Miller,518,769
518,Reggie Miller,519,770
519,Reggie Miller,520,771
520,Reggie Miller,521,773
521,Reggie Miller,522,775
522,Reggie Miller,523,779
523,Reggie Miller,524,781
524,Reggie Miller,525,784
525,Reggie Miller,526,784
526,Reggie Miller,527,785
527,Reggie Miller,528,785
528,Reggie Miller,529,788
529,Reggie Miller,530,789
530,Reggie Miller,531,790
531,Reggie Miller,532,790
532,Reggie Miller,533,790
533,Reggie Miller,534,791
534,Reggie Miller,535,791
535,Reggie Miller,536,792
536,Reggie Miller,537,793
537,Reggie Miller,538,795
538,Reggie Miller,539,798
539,Reggie Miller,540,800
540,Reggie Miller,541,801
541,Reggie Miller,542,802
542,Reggie Miller,543,805
543,Reggie Miller,544,806
544,Reggie Miller,545,806
545,Reggie Miller,546,806
546,Reggie Miller,547,808
547,Reggie Miller,548,808
548,Reggie Miller,549,813
549,Reggie Miller,550,813
550,Reggie Miller,551,814
551,Reggie Miller,552,815
552,Reggie Miller,553,815
553,Reggie Miller,554,817
554,Reggie Miller,555,819
555,Reggie Miller,556,820
556,Reggie Miller,557,822
557,Reggie Miller,558,826
558,Reggie Miller,559,828
559,Reggie Miller,560,833
560,Reggie Miller,561,837
561,Reggie Miller,562,837
562,Reggie Miller,563,840
563,Reggie Miller,564,842
564,Reggie Miller,565,844
565,Reggie Miller,566,846
566,Reggie Miller,567,848
567,Reggie Miller,568,850
568,Reggie Miller,569,852
569,Reggie Miller,570,856
570,Reggie Miller,571,859
571,Reggie Miller,572,861
572,Reggie Miller,573,863
573,Reggie Miller,574,867
574,Reggie Miller,575,870
575,Reggie Miller,576,875
576,Reggie Miller,577,880
577,Reggie Miller,578,882
578,Reggie Miller,579,884
579,Reggie Miller,580,889
580,Reggie Miller,581,890
581,Reggie Miller,582,892
582,Reggie Miller,583,895
583,Reggie Miller,584,897
584,Reggie Miller,585,899
585,Reggie Miller,586,901
586,Reggie Miller,587,902
587,Reggie Miller,588,903
588,Reggie Miller,589,904
589,Reggie Miller,590,911
590,Reggie Miller,591,914
591,Reggie Miller,592,917
592,Reggie Miller,593,919
593,Reggie Miller,594,921
594,Reggie Miller,595,925
595,Reggie Miller,596,927
596,Reggie Miller,597,932
597,Reggie Miller,598,935
598,Reggie Miller,599,939
599,Reggie Miller,600,943
600,Reggie Miller,601,945
601,Reggie Miller,602,947
602,Reggie Miller,603,947
603,Reggie Miller,604,950
604,Reggie Miller,605,952
605,Reggie Miller,606,954
606,Reggie Miller,607,957
607,Reggie Miller,608,959
608,Reggie Miller,609,961
609,Reggie Miller,610,962
610,Reggie Miller,611,964
611,Reggie Miller,612,964
612,Reggie Miller,613,966
613,Reggie Miller,614,971
614,Reggie Miller,615,974
615,Reggie Miller,616,975
616,Reggie Miller,617,976
617,Reggie Miller,618,976
618,Reggie Miller,619,976
619,Reggie Miller,620,978
620,Reggie Miller,621,981
621,Reggie Miller,622,987
622,Reggie Miller,623,987
623,Reggie Miller,624,989
624,Reggie Miller,625,995
625,Reggie Miller,626,998
626,Reggie Miller,627,1002
627,Reggie Miller,628,1005
628,Reggie Miller,629,1006
629,Reggie Miller,630,1009
630,Reggie Miller,631,1014
631,Reggie Miller,632,1018
632,Reggie Miller,633,1020
633,Reggie Miller,634,1021
634,Reggie Miller,635,1022
635,Reggie Miller,636,1022
636,Reggie Miller,637,1024
637,Reggie Miller,638,1027
638,Reggie Miller,639,1028
639,Reggie Miller,640,1029
640,Reggie Miller,641,1030
641,Reggie Miller,642,1031
642,Reggie Miller,643,1033
643,Reggie Miller,644,1035
644,Reggie Miller,645,1039
645,Reggie Miller,646,1040
646,Reggie Miller,647,1041
647,Reggie Miller,648,1045
648,Reggie Miller,649,1047
649,Reggie Miller,650,1048
650,Reggie Miller,651,1053
651,Reggie Miller,652,1055
652,Reggie Miller,653,1058
653,Reggie Miller,654,1062
654,Reggie Miller,655,1063
655,Reggie Miller,656,1068
656,Reggie Miller,657,1068
657,Reggie Miller,658,1072
658,Reggie Miller,659,1076
659,Reggie Miller,660,1078
660,Reggie Miller,661,1081
661,Reggie Miller,662,1082
662,Reggie Miller,663,1082
663,Reggie Miller,664,1083
664,Reggie Miller,665,1085
665,Reggie Miller,666,1085
666,Reggie Miller,667,1085
667,Reggie Miller,668,1089
668,Reggie Miller,669,1089
669,Reggie Miller,670,1091
670,Reggie Miller,671,1095
671,Reggie Miller,672,1098
672,Reggie Miller,673,1100
673,Reggie Miller,674,1104
674,Reggie Miller,675,1104
675,Reggie Miller,676,1106
676,Reggie Miller,677,1107
677,Reggie Miller,678,1112
678,Reggie Miller,679,1112
679,Reggie Miller,680,1112
680,Reggie Miller,681,1118
681,Reggie Miller,682,1122
682,Reggie Miller,683,1123
683,Reggie Miller,684,1126
684,Reggie Miller,685,1129
685,Reggie Miller,686,1130
686,Reggie Miller,687,1132
687,Reggie Miller,688,1133
688,Reggie Miller,689,1136
689,Reggie Miller,690,1139
690,Reggie Miller,691,1146
691,Reggie Miller,692,1147
692,Reggie Miller,693,1150
693,Reggie Miller,694,1151
694,Reggie Miller,695,1151
695,Reggie Miller,696,1151
696,Reggie Miller,697,1154
697,Reggie Miller,698,1155
698,Reggie Miller,699,1155
699,Reggie Miller,700,1157
700,Reggie Miller,701,1160
701,Reggie Miller,702,1161
702,Reggie Miller,703,1163
703,Reggie Miller,704,1163
704,Reggie Miller,705,1165
705,Reggie Miller,706,1167
706,Reggie Miller,707,1167
707,Reggie Miller,708,1170
708,Reggie Miller,709,1173
709,Reggie Miller,710,1173
710,Reggie Miller,711,1174
711,Reggie Miller,712,1178
712,Reggie Miller,713,1183
713,Reggie Miller,714,1186
714,Reggie Miller,715,1186
715,Reggie Miller,716,1189
716,Reggie Miller,717,1192
717,Reggie Miller,718,1195
718,Reggie Miller,719,1201
719,Reggie Miller,720,1203
720,Reggie Miller,721,1205
721,Reggie Miller,722,1208
722,Reggie Miller,723,1212
723,Reggie Miller,724,1212
724,Reggie Miller,725,1215
725,Reggie Miller,726,1215
726,Reggie Miller,727,1217
727,Reggie Miller,728,1223
728,Reggie Miller,729,1226
729,Reggie Miller,730,1228
730,Reggie Miller,731,1230
731,Reggie Miller,732,1232
732,Reggie Miller,733,1234
733,Reggie Miller,734,1239
734,Reggie Miller,735,1244
735,Reggie Miller,736,1245
736,Reggie Miller,737,1247
737,Reggie Miller,738,1248
738,Reggie Miller,739,1250
739,Reggie Miller,740,1253
740,Reggie Miller,741,1256
741,Reggie Miller,742,1259
742,Reggie Miller,743,1261
743,Reggie Miller,744,1263
744,Reggie Miller,745,1268
745,Reggie Miller,746,1270
746,Reggie Miller,747,1276
747,Reggie Miller,748,1279
748,Reggie Miller,749,1286
749,Reggie Miller,750,1290
750,Reggie Miller,751,1294
751,Reggie Miller,752,1297
752,Reggie Miller,753,1298
753,Reggie Miller,754,1302
754,Reggie Miller,755,1304
755,Reggie Miller,756,1305
756,Reggie Miller,757,1307
757,Reggie Miller,758,1310
758,Reggie Miller,759,1312
759,Reggie Miller,760,1314
760,Reggie Miller,761,1320
761,Reggie Miller,762,1323
762,Reggie Miller,763,1325
763,Reggie Miller,764,1327
764,Reggie Miller,765,1332
765,Reggie Miller,766,1336
766,Reggie Miller,767,1337
767,Reggie Miller,768,1339
768,Reggie Miller,769,1340
769,Reggie Miller,770,1343
770,Reggie Miller,771,1344
771,Reggie Miller,772,1348
772,Reggie Miller,773,1349
773,Reggie Miller,774,1352
774,Reggie Miller,775,1354
775,Reggie Miller,776,1358
776,Reggie Miller,777,1361
777,Reggie Miller,778,1365
778,Reggie Miller,779,1370
779,Reggie Miller,780,1374
780,Reggie Miller,781,1377
781,Reggie Miller,782,1381
782,Reggie Miller,783,1384
783,Reggie Miller,784,1387
784,Reggie Miller,785,1391
785,Reggie Miller,786,1393
786,Reggie Miller,787,1398
787,Reggie Miller,788,1400
788,Reggie Miller,789,1408
789,Reggie Miller,790,1412
790,Reggie Miller,791,1414
791,Reggie Miller,792,1415
792,Reggie Miller,793,1419
793,Reggie Miller,794,1421
794,Reggie Miller,795,1421
795,Reggie Miller,796,1423
796,Reggie Miller,797,1426
797,Reggie Miller,798,1426
798,Reggie Miller,799,1427
799,Reggie Miller,800,1427
800,Reggie Miller,801,1432
801,Reggie Miller,802,1435
802,Reggie Miller,803,1438
803,Reggie Miller,804,1439
804,Reggie Miller,805,1439
805,Reggie Miller,806,1440
806,Reggie Miller,807,1441
807,Reggie Miller,808,1445
808,Reggie Miller,809,1445
809,Reggie Miller,810,1446
810,Reggie Miller,811,1446
811,Reggie Miller,812,1446
812,Reggie Miller,813,1450
813,Reggie Miller,814,1452
814,Reggie Miller,815,1455
815,Reggie Miller,816,1457
816,Reggie Miller,817,1457
817,Reggie Miller,818,1459
818,Reggie Miller,819,1460
819,Reggie Miller,820,1461
820,Reggie Miller,821,1465
821,Reggie Miller,822,1468
822,Reggie Miller,823,1470
823,Reggie Miller,824,1471
824,Reggie Miller,825,1472
825,Reggie Miller,826,1473
826,Reggie Miller,827,1475
827,Reggie Miller,828,1476
828,Reggie Miller,829,1478
829,Reggie Miller,830,1479
830,Reggie Miller,831,1481
831,Reggie Miller,832,1482
832,Reggie Miller,833,1482
833,Reggie Miller,834,1482
834,Reggie Miller,835,1485
835,Reggie Miller,836,1488
836,Reggie Miller,837,1489
837,Reggie Miller,838,1491
838,Reggie Miller,839,1494
839,Reggie Miller,840,1496
840,Reggie Miller,841,1498
841,Reggie Miller,842,1499
842,Reggie Miller,843,1500
843,Reggie Miller,844,1503
844,Reggie Miller,845,1504
845,Reggie Miller,846,1505
846,Reggie Miller,847,1511
847,Reggie Miller,848,1513
848,Reggie Miller,849,1517
849,Reggie Miller,850,1517
850,Reggie Miller,851,1520
851,Reggie Miller,852,1527
852,Reggie Miller,853,1528
853,Reggie Miller,854,1531
854,Reggie Miller,855,1535
855,Reggie Miller,856,1536
856,Reggie Miller,857,1537
857,Reggie Miller,858,1538
858,Reggie Miller,859,1541
859,Reggie Miller,860,1543
860,Reggie Miller,861,1546
861,Reggie Miller,862,1548
862,Reggie Miller,863,1549
863,Reggie Miller,864,1551
864,Reggie Miller,865,1554
865,Reggie Miller,866,1555
866,Reggie Miller,867,1556
867,Reggie Miller,868,1559
868,Reggie Miller,869,1563
869,Reggie Miller,870,1565
870,Reggie Miller,871,1570
871,Reggie Miller,872,1575
872,Reggie Miller,873,1577
873,Reggie Miller,874,1580
874,Reggie Miller,875,1581
875,Reggie Miller,876,1582
876,Reggie Miller,877,1585
877,Reggie Miller,878,1588
878,Reggie Miller,879,1592
879,Reggie Miller,880,1595
880,Reggie Miller,881,1596
881,Reggie Miller,882,1596
882,Reggie Miller,883,1596
883,Reggie Miller,884,1599
884,Reggie Miller,885,1602
885,Reggie Miller,886,1603
886,Reggie Miller,887,1606
887,Reggie Miller,888,1608
888,Reggie Miller,889,1608
889,Reggie Miller,890,1609
890,Reggie Miller,891,1613
891,Reggie Miller,892,1615
892,Reggie Miller,893,1615
893,Reggie Miller,894,1617
894,Reggie Miller,895,1620
895,Reggie Miller,896,1622
896,Reggie Miller,897,1624
897,Reggie Miller,898,1625
898,Reggie Miller,899,1629
899,Reggie Miller,900,1630
900,Reggie Miller,901,1630
901,Reggie Miller,902,1632
902,Reggie Miller,903,1636
903,Reggie Miller,904,1638
904,Reggie Miller,905,1643
905,Reggie Miller,906,1643
906,Reggie Miller,907,1644
907,Reggie Miller,908,1648
908,Reggie Miller,909,1650
909,Reggie Miller,910,1651
910,Reggie Miller,911,1651
911,Reggie Miller,912,1652
912,Reggie Miller,913,1655
913,Reggie Miller,914,1655
914,Reggie Miller,915,1657
915,Reggie Miller,916,1662
916,Reggie Miller,917,1663
917,Reggie Miller,918,1664
918,Reggie Miller,919,1667
919,Reggie Miller,920,1669
920,Reggie Miller,921,1670
921,Reggie Miller,922,1674
922,Reggie Miller,923,1675
923,Reggie Miller,924,1679
924,Reggie Miller,925,1683
925,Reggie Miller,926,1684
926,Reggie Miller,927,1690
927,Reggie Miller,928,1693
928,Reggie Miller,929,1696
929,Reggie Miller,930,1699
930,Reggie Miller,931,1699
931,Reggie Miller,932,1702
932,Reggie Miller,933,1702
933,Reggie Miller,934,1703
934,Reggie Miller,935,1707
935,Reggie Miller,936,1708
936,Reggie Miller,937,1710
937,Reggie Miller,938,1712
938,Reggie Miller,939,1712
939,Reggie Miller,940,1713
940,Reggie Miller,941,1715
941,Reggie Miller,942,1718
942,Reggie Miller,943,1720
943,Reggie Miller,944,1721
944,Reggie Miller,945,1722
945,Reggie Miller,946,1723
946,Reggie Miller,947,1725
947,Reggie Miller,948,1727
948,Reggie Miller,949,1732
949,Reggie Miller,950,1737
950,Reggie Miller,951,1738
951,Reggie Miller,952,1741
952,Reggie Miller,953,1741
953,Reggie Miller,954,1743
954,Reggie Miller,955,1745
955,Reggie Miller,956,1749
956,Reggie Miller,957,1755
957,Reggie Miller,958,1757
958,Reggie Miller,959,1760
959,Reggie Miller,960,1765
960,Reggie Miller,961,1769
961,Reggie Miller,962,1770
962,Reggie Miller,963,1772
963,Reggie Miller,964,1772
964,Reggie Miller,965,1777
965,Reggie Miller,966,1779
966,Reggie Miller,967,1780
967,Reggie Miller,968,1781
968,Reggie Miller,969,1783
969,Reggie Miller,970,1786
970,Reggie Miller,971,1789
971,Reggie Miller,972,1792
972,Reggie Miller,973,1792
973,Reggie Miller,974,1793
974,Reggie Miller,975,1797
975,Reggie Miller,976,1799
976,Reggie Miller,977,1800
977,Reggie Miller,978,1800
978,Reggie Miller,979,1805
979,Reggie Miller,980,1807
980,Reggie Miller,981,1808
981,Reggie Miller,982,1808
982,Reggie Miller,983,1808
983,Reggie Miller,984,1808
984,Reggie Miller,985,1810
985,Reggie Miller,986,1812
986,Reggie Miller,987,1815
987,Reggie Miller,988,1819
988,Reggie Miller,989,1821
989,Reggie Miller,990,1822
990,Reggie Miller,991,1825
991,Reggie Miller,992,1827
992,Reggie Miller,993,1828
993,Reggie Miller,994,1832
994,Reggie Miller,995,1833
995,Reggie Miller,996,1833
996,Reggie Miller,997,1838
997,Reggie Miller,998,1839
998,Reggie Miller,999,1841
999,Reggie Miller,1000,1843
1000,Reggie Miller,1001,1846
1001,Reggie Miller,1002,1847
1002,Reggie Miller,1003,1849
1003,Reggie Miller,1004,1853
1004,Reggie Miller,1005,1856
1005,Reggie Miller,1006,1856
1006,Reggie Miller,1007,1856
1007,Reggie Miller,1008,1858
1008,Reggie Miller,1009,1859
1009,Reggie Miller,1010,1861
1010,Reggie Miller,1011,1864
1011,Reggie Miller,1012,1866
1012,Reggie Miller,1013,1867
1013,Reggie Miller,1014,1869
1014,Reggie Miller,1015,1871
1015,Reggie Miller,1016,1874
1016,Reggie Miller,1017,1881
1017,Reggie Miller,1018,1882
1018,Reggie Miller,1019,1885
1019,Reggie Miller,1020,1888
1020,Reggie Miller,1021,1892
1021,Reggie Miller,1022,1899
1022,Reggie Miller,1023,1901
1023,Reggie Miller,1024,1903
1024,Reggie Miller,1025,1905
1025,Reggie Miller,1026,1907
1026,Reggie Miller,1027,1910
1027,Reggie Miller,1028,1911
1028,Reggie Miller,1029,1911
1029,Reggie Miller,1030,1912
1030,Reggie Miller,1031,1915
1031,Reggie Miller,1032,1915
1032,Reggie Miller,1033,1915
1033,Reggie Miller,1034,1916
1034,Reggie Miller,1035,1918
1035,Reggie Miller,1036,1922
1036,Reggie Miller,1037,1923
1037,Reggie Miller,1038,1926
1038,Reggie Miller,1039,1926
1039,Reggie Miller,1040,1926
1040,Reggie Miller,1041,1927
1041,Reggie Miller,1042,1929
1042,Reggie Miller,1043,1929
1043,Reggie Miller,1044,1929
1044,Reggie Miller,1045,1932
1045,Reggie Miller,1046,1933
1046,Reggie Miller,1047,1936
1047,Reggie Miller,1048,1936
1048,Reggie Miller,1049,1939
1049,Reggie Miller,1050,1942
1050,Reggie Miller,1051,1942
1051,Reggie Miller,1052,1943
1052,Reggie Miller,1053,1943
1053,Reggie Miller,1054,1945
1054,Reggie Miller,1055,1948
1055,Reggie Miller,1056,1950
1056,Reggie Miller,1057,1950
1057,Reggie Miller,1058,1952
1058,Reggie Miller,1059,1955
1059,Reggie Miller,1060,1955
1060,Reggie Miller,1061,1957
1061,Reggie Miller,1062,1958
1062,Reggie Miller,1063,1959
1063,Reggie Miller,1064,1963
1064,Reggie Miller,1065,1966
1065,Reggie Miller,1066,1973
1066,Reggie Miller,1067,1976
1067,Reggie Miller,1068,1980
1068,Reggie Miller,1069,1983
1069,Reggie Miller,1070,1986
1070,Reggie Miller,1071,1989
1071,Reggie Miller,1072,1991
1072,Reggie Miller,1073,1993
1073,Reggie Miller,1074,1995
1074,Reggie Miller,1075,1997
1075,Reggie Miller,1076,1998
1076,Reggie Miller,1077,2002
1077,Reggie Miller,1078,2002
1078,Reggie Miller,1079,2006
1079,Reggie Miller,1080,2009
1080,Reggie Miller,1081,2010
1081,Reggie Miller,1082,2014
1082,Reggie Miller,1083,2018
1083,Reggie Miller,1084,2018
1084,Reggie Miller,1085,2019
1085,Reggie Miller,1086,2021
1086,Reggie Miller,1087,2022
1087,Reggie Miller,1088,2023
1088,Reggie Miller,1089,2024
1089,Reggie Miller,1090,2031
1090,Reggie Miller,1091,2034
1091,Reggie Miller,1092,2035
1092,Reggie Miller,1093,2036
1093,Reggie Miller,1094,2037
1094,Reggie Miller,1095,2040
1095,Reggie Miller,1096,2042
1096,Reggie Miller,1097,2044
1097,Reggie Miller,1098,2047
1098,Reggie Miller,1099,2048
1099,Reggie Miller,1100,2051
1100,Reggie Miller,1101,2054
1101,Reggie Miller,1102,2058
1102,Reggie Miller,1103,2060
1103,Reggie Miller,1104,2062
1104,Reggie Miller,1105,2065
1105,Reggie Miller,1106,2066
1106,Reggie Miller,1107,2070
1107,Reggie Miller,1108,2071
1108,Reggie Miller,1109,2072
1109,Reggie Miller,1110,2075
1110,Reggie Miller,1111,2081
1111,Reggie Miller,1112,2084
1112,Reggie Miller,1113,2086
1113,Reggie Miller,1114,2087
1114,Reggie Miller,1115,2088
1115,Reggie Miller,1116,2091
1116,Reggie Miller,1117,2094
1117,Reggie Miller,1118,2098
1118,Reggie Miller,1119,2098
1119,Reggie Miller,1120,2102
1120,Reggie Miller,1121,2106
1121,Reggie Miller,1122,2107
1122,Reggie Miller,1123,2111
1123,Reggie Miller,1124,2111
1124,Reggie Miller,1125,2112
1125,Reggie Miller,1126,2115
1126,Reggie Miller,1127,2117
1127,Reggie Miller,1128,2118
1128,Reggie Miller,1129,2119
1129,Reggie Miller,1130,2122
1130,Reggie Miller,1131,2122
1131,Reggie Miller,1132,2127
1132,Reggie Miller,1133,2127
1133,Reggie Miller,1134,2132
1134,Reggie Miller,1135,2135
1135,Reggie Miller,1136,2137
1136,Reggie Miller,1137,2138
1137,Reggie Miller,1138,2143
1138,Reggie Miller,1139,2144
1139,Reggie Miller,1140,2148
1140,Reggie Miller,1141,2150
1141,Reggie Miller,1142,2152
1142,Reggie Miller,1143,2152
1143,Reggie Miller,1144,2157
1144,Reggie Miller,1145,2159
1145,Reggie Miller,1146,2162
1146,Reggie Miller,1147,2163
1147,Reggie Miller,1148,2165
1148,Reggie Miller,1149,2168
1149,Reggie Miller,1150,2169
1150,Reggie Miller,1151,2170
1151,Reggie Miller,1152,2171
1152,Reggie Miller,1153,2172
1153,Reggie Miller,1154,2172
1154,Reggie Miller,1155,2173
1155,Reggie Miller,1156,2177
1156,Reggie Miller,1157,2178
1157,Reggie Miller,1158,2178
1158,Reggie Miller,1159,2180
1159,Reggie Miller,1160,2181
1160,Reggie Miller,1161,2182
1161,Reggie Miller,1162,2185
1162,Reggie Miller,1163,2186
1163,Reggie Miller,1164,2189
1164,Reggie Miller,1165,2192
1165,Reggie Miller,1166,2194
1166,Reggie Miller,1167,2200
1167,Reggie Miller,1168,2203
1168,Reggie Miller,1169,2204
1169,Reggie Miller,1170,2209
1170,Reggie Miller,1171,2211
1171,Reggie Miller,1172,2214
1172,Reggie Miller,1173,2217
1173,Reggie Miller,1174,2220
1174,Reggie Miller,1175,2222
1175,Reggie Miller,1176,2226
1176,Reggie Miller,1177,2228
1177,Reggie Miller,1178,2228
1178,Reggie Miller,1179,2230
1179,Reggie Miller,1180,2232
1180,Reggie Miller,1181,2232
1181,Reggie Miller,1182,2233
1182,Reggie Miller,1183,2233
1183,Reggie Miller,1184,2236
1184,Reggie Miller,1185,2237
1185,Reggie Miller,1186,2238
1186,Reggie Miller,1187,2240
1187,Reggie Miller,1188,2241
1188,Reggie Miller,1189,2243
1189,Reggie Miller,1190,2246
1190,Reggie Miller,1191,2248
1191,Reggie Miller,1192,2251
1192,Reggie Miller,1193,2254
1193,Reggie Miller,1194,2257
1194,Reggie Miller,1195,2260
1195,Reggie Miller,1196,2262
1196,Reggie Miller,1197,2264
1197,Reggie Miller,1198,2266
1198,Reggie Miller,1199,2266
1199,Reggie Miller,1200,2267
1200,Reggie Miller,1201,2267
1201,Reggie Miller,1202,2270
1202,Reggie Miller,1203,2273
1203,Reggie Miller,1204,2275
1204,Reggie Miller,1205,2277
1205,Reggie Miller,1206,2280
1206,Reggie Miller,1207,2281
1207,Reggie Miller,1208,2282
1208,Reggie Miller,1209,2284
1209,Reggie Miller,1210,2288
1210,Reggie Miller,1211,2289
1211,Reggie Miller,1212,2289
1212,Reggie Miller,1213,2296
1213,Reggie Miller,1214,2296
1214,Reggie Miller,1215,2300
1215,Reggie Miller,1216,2302
1216,Reggie Miller,1217,2302
1217,Reggie Miller,1218,2306
1218,Reggie Miller,1219,2307
1219,Reggie Miller,1220,2309
1220,Reggie Miller,1221,2309
1221,Reggie Miller,1222,2310
1222,Reggie Miller,1223,2310
1223,Reggie Miller,1224,2310
1224,Reggie Miller,1225,2311
1225,Reggie Miller,1226,2312
1226,Reggie Miller,1227,2313
1227,Reggie Miller,1228,2313
1228,Reggie Miller,1229,2315
1229,Reggie Miller,1230,2316
1230,Reggie Miller,1231,2317
1231,Reggie Miller,1232,2319
1232,Reggie Miller,1233,2320
1233,Reggie Miller,1234,2320
1234,Reggie Miller,1235,2321
1235,Reggie Miller,1236,2325
1236,Reggie Miller,1237,2327
1237,Reggie Miller,1238,2328
1238,Reggie Miller,1239,2330
1239,Reggie Miller,1240,2330
1240,Reggie Miller,1241,2330
1241,Reggie Miller,1242,2330
1242,Reggie Miller,1243,2330
1243,Reggie Miller,1244,2333
1244,Reggie Miller,1245,2333
1245,Reggie Miller,1246,2333
1246,Reggie Miller,1247,2333
1247,Reggie Miller,1248,2336
1248,Reggie Miller,1249,2338
1249,Reggie Miller,1250,2340
1250,Reggie Miller,1251,2342
1251,Reggie Miller,1252,2348
1252,Reggie Miller,1253,2349
1253,Reggie Miller,1254,2350
1254,Reggie Miller,1255,2351
1255,Reggie Miller,1256,2354
1256,Reggie Miller,1257,2355
1257,Reggie Miller,1258,2357
1258,Reggie Miller,1259,2358
1259,Reggie Miller,1260,2362
1260,Reggie Miller,1261,2364
1261,Reggie Miller,1262,2367
1262,Reggie Miller,1263,2369
1263,Reggie Miller,1264,2370
1264,Reggie Miller,1265,2371
1265,Reggie Miller,1266,2371
1266,Reggie Miller,1267,2373
1267,Reggie Miller,1268,2374
1268,Reggie Miller,1269,2374
1269,Reggie Miller,1270,2374
1270,Reggie Miller,1271,2375
1271,Reggie Miller,1272,2377
1272,Reggie Miller,1273,2380
1273,Reggie Miller,1274,2380
1274,Reggie Miller,1275,2381
1275,Reggie Miller,1276,2385
1276,Reggie Miller,1277,2387
1277,Reggie Miller,1278,2388
1278,Reggie Miller,1279,2389
1279,Reggie Miller,1280,2390
1280,Reggie Miller,1281,2391
1281,Reggie Miller,1282,2394
1282,Reggie Miller,1283,2401
1283,Reggie Miller,1284,2402
1284,Reggie Miller,1285,2404
1285,Reggie Miller,1286,2407
1286,Reggie Miller,1287,2407
1287,Reggie Miller,1288,2409
1288,Reggie Miller,1289,2414
1289,Reggie Miller,1290,2415
1290,Reggie Miller,1291,2416
1291,Reggie Miller,1292,2419
1292,Reggie Miller,1293,2419
1293,Reggie Miller,1294,2424
1294,Reggie Miller,1295,2426
1295,Reggie Miller,1296,2428
1296,Reggie Miller,1297,2430
1297,Reggie Miller,1298,2430
1298,Reggie Miller,1299,2431
1299,Reggie Miller,1300,2431
1300,Reggie Miller,1301,2431
1301,Reggie Miller,1302,2436
1302,Reggie Miller,1303,2438
1303,Reggie Miller,1304,2442
1304,Reggie Miller,1305,2443
1305,Reggie Miller,1306,2444
1306,Reggie Miller,1307,2447
1307,Reggie Miller,1308,2448
1308,Reggie Miller,1309,2450
1309,Reggie Miller,1310,2450
1310,Reggie Miller,1311,2450
1311,Reggie Miller,1312,2451
1312,Reggie Miller,1313,2453
1313,Reggie Miller,1314,2453
1314,Reggie Miller,1315,2454
1315,Reggie Miller,1316,2456
1316,Reggie Miller,1317,2458
1317,Reggie Miller,1318,2458
1318,Reggie Miller,1319,2459
1319,Reggie Miller,1320,2461
1320,Reggie Miller,1321,2462
1321,Reggie Miller,1322,2463
1322,Reggie Miller,1323,2464
1323,Reggie Miller,1324,2468
1324,Reggie Miller,1325,2472
1325,Reggie Miller,1326,2473
1326,Reggie Miller,1327,2474
1327,Reggie Miller,1328,2476
1328,Reggie Miller,1329,2476
1329,Reggie Miller,1330,2476
1330,Reggie Miller,1331,2479
1331,Reggie Miller,1332,2481
1332,Reggie Miller,1333,2483
1333,Reggie Miller,1334,2483
1334,Reggie Miller,1335,2485
1335,Reggie Miller,1336,2485
1336,Reggie Miller,1337,2487
1337,Reggie Miller,1338,2487
1338,Reggie Miller,1339,2489
1339,Reggie Miller,1340,2491
1340,Reggie Miller,1341,2492
1341,Reggie Miller,1342,2493
1342,Reggie Miller,1343,2495
1343,Reggie Miller,1344,2495
1344,Reggie Miller,1345,2497
1345,Reggie Miller,1346,2498
1346,Reggie Miller,1347,2498
1347,Reggie Miller,1348,2499
1348,Reggie Miller,1349,2500
1349,Reggie Miller,1350,2501
1350,Reggie Miller,1351,2501
1351,Reggie Miller,1352,2502
1352,Reggie Miller,1353,2502
1353,Reggie Miller,1354,2504
1354,Reggie Miller,1355,2505
1355,Reggie Miller,1356,2508
1356,Reggie Miller,1357,2508
1357,Reggie Miller,1358,2512
1358,Reggie Miller,1359,2512
1359,Reggie Miller,1360,2515
1360,Reggie Miller,1361,2516
1361,Reggie Miller,1362,2517
1362,Reggie Miller,1363,2518
1363,Reggie Miller,1364,2518
1364,Reggie Miller,1365,2520
1365,Reggie Miller,1366,2521
1366,Reggie Miller,1367,2524
1367,Reggie Miller,1368,2525
1368,Reggie Miller,1369,2526
1369,Reggie Miller,1370,2527
1370,Reggie Miller,1371,2530
1371,Reggie Miller,1372,2532
1372,Reggie Miller,1373,2532
1373,Reggie Miller,1374,2533
1374,Reggie Miller,1375,2534
1375,Reggie Miller,1376,2534
1376,Reggie Miller,1377,2539
1377,Reggie Miller,1378,2540
1378,Reggie Miller,1379,2542
1379,Reggie Miller,1380,2544
1380,Reggie Miller,1381,2547
1381,Reggie Miller,1382,2549
1382,Reggie Miller,1383,2552
1383,Reggie Miller,1384,2553
1384,Reggie Miller,1385,2556
1385,Reggie Miller,1386,2557
1386,Reggie Miller,1387,2559
1387,Reggie Miller,1388,2560
1388,Reggie Miller,1389,2560
